x,y
0.0,294.71
0.39,145.76
2.9,566.02
5.35,358.12
18.93,1131.56
19.42,1196.92
21.44,1152.31
36.77,874.91
36.96,1723.86
41.66,1249.03
42.01,376.44
42.96,1191.53
44.05,377.35
44.68,1194.56
45.29,380.81
46.4,379.64
47.41,378.21
49.23,1203.08
50.23,382.63
52.34,1211.39
60.06,1227.34
61.49,1522.36
62.49,1611.37
63.11,1231.98
69.16,2697.8
73.79,1400.44
73.88,3197.44
74.45,2835.67
75.67,208.53
80.89,2896.58
86.83,510.74
94.03,1181.85
94.37,3090.35
94.5,506.73
94.9,3782.81
95.49,3397.46
95.58,3814.46
97.92,3386.07
97.94,3095.45
99.96,3853.16
100.18,3853.49
102.38,3825.59
102.63,3392.7
105.02,3690.99
106.07,1544.01
109.98,2879.49
110.38,906.82
111.58,1547.69
111.62,166.91
112.18,2049.78
112.83,415.64
113.96,415.34
114.05,1549.98
115.65,418.41
115.99,1550.88
116.26,1166.35
117.88,419.36
122.03,603.38
124.25,3680.87
126.0,605.74
126.26,2065.53
127.6,3987.65
128.62,607.9
129.93,608.16
141.41,1346.54
142.25,1374.05
144.54,3329.97
144.54,4091.69
145.58,1166.12
146.39,1371.81
148.13,1372.76
149.76,3973.32
150.84,3971.67
151.92,1350.37
152.92,523.99
153.37,273.79
155.76,3936.62
156.79,4166.06
158.82,1330.68
158.98,1331.87
160.07,3353.62
163.61,1358.98
165.4,4179.6
168.48,1003.42
169.3,3050.51
170.26,3049.63
173.52,3048.88
173.98,3958.51
175.59,1369.06
176.23,448.56
177.45,3047.47
178.75,1350.21
179.55,450.97
180.59,449.0
182.94,4149.38
183.12,3775.59
183.31,2764.83
186.58,3950.3
188.1,3339.38
188.42,937.38
189.12,3953.82
189.73,1344.76
192.64,3947.46
192.97,4164.19
199.84,312.69
207.09,222.4
210.34,1927.04
213.05,1279.71
215.09,1364.92
216.02,2818.92
224.73,3019.78
225.72,3615.16
229.68,4039.6
230.01,3017.47
232.06,3017.09
232.18,3016.94
232.49,3302.73
234.69,1692.71
235.12,477.15
236.58,1755.41
238.06,479.67
238.39,1855.18
238.95,1209.43
239.8,1922.99
240.9,1973.97
242.13,482.82
242.49,2044.14
242.61,3295.55
244.55,4030.91
244.58,1612.25
246.54,1613.07
249.07,2075.84
249.39,1615.54
251.88,1174.2
252.93,825.42
253.12,2066.73
254.52,1618.73
254.57,2043.66
259.31,2237.45
260.31,362.32
260.43,3903.29
265.0,3901.38
266.27,4095.62
268.34,3900.54
269.43,3899.56
272.98,157.51
272.99,3709.6
279.79,2334.5
282.1,3577.93
282.29,2552.53
284.0,2551.2
288.93,3573.11
289.08,4094.04
291.58,1052.47
293.64,138.93
293.79,1368.84
293.85,2552.35
295.48,1368.4
297.28,2447.95
298.69,3255.37
298.83,2533.43
299.01,1368.72
299.12,2535.18
299.2,2553.06
299.7,2969.01
299.97,673.53
300.34,2562.79
300.35,3879.34
302.25,2968.22
302.34,1361.7
302.56,674.36
302.72,2041.12
303.1,2539.93
305.3,676.69
305.48,315.93
306.01,2537.73
306.25,2966.25
306.4,4153.54
306.78,1368.9
307.05,403.48
307.88,678.57
310.66,679.53
311.33,3612.71
313.02,1754.95
315.52,1314.52
316.86,3549.75
318.07,1308.86
319.13,3986.39
319.97,1306.17
320.6,2755.61
320.61,1303.58
332.03,2071.26
332.37,1686.11
333.38,605.55
333.95,3640.5
335.72,2045.18
337.34,1246.33
337.34,2054.06
339.95,1240.84
340.66,2166.05
341.74,1238.07
342.18,1168.2
342.45,1235.28
346.3,2230.77
347.53,2168.02
347.96,3849.67
350.3,540.85
352.72,541.84
355.17,544.31
357.27,3786.87
357.71,539.76
358.8,1174.88
359.4,1172.4
360.32,3360.09
360.56,547.68
360.89,547.62
361.58,1168.34
362.08,3506.91
362.19,3783.86
363.08,2339.05
363.12,3210.65
363.37,1165.86
363.95,1163.43
364.15,3785.0
366.92,3836.87
369.41,3814.25
370.4,3496.22
373.71,245.51
378.08,3825.36
383.82,2482.12
384.91,1101.01
385.48,1919.84
385.57,1098.29
387.63,1095.28
389.57,1092.26
390.33,1089.39
391.52,1959.43
391.73,2037.07
392.74,3822.71
393.6,2898.32
394.18,3669.16
395.37,1598.51
397.21,2896.68
398.01,1755.54
400.49,2895.31
402.7,2893.4
404.83,2059.1
406.31,2027.49
408.2,1690.67
409.06,2456.16
409.66,1380.22
413.01,1692.09
413.78,1382.06
414.14,3452.37
414.7,1708.53
416.4,284.31
416.74,1695.02
417.62,1383.75
418.52,3458.23
418.68,468.36
418.97,2322.14
420.75,3563.49
420.9,1695.87
421.62,1741.68
422.03,1755.76
422.16,1787.93
422.61,3790.14
423.12,1921.48
425.53,2003.09
425.7,2026.41
427.41,1701.5
427.94,1685.68
428.39,1698.83
429.42,2123.87
429.86,4163.23
430.24,2130.19
432.38,3687.42
433.03,3915.6
434.53,2046.13
435.58,2159.49
437.05,1715.95
437.44,3315.38
437.56,1785.25
438.42,1700.4
440.08,1902.52
441.58,3795.02
441.98,1985.19
442.46,2024.99
442.59,2682.57
443.25,3794.79
443.96,3788.74
446.34,2441.73
448.37,2137.46
449.85,3783.87
452.31,1620.97
458.92,2181.25
458.92,3144.43
465.16,3800.13
466.09,1209.5
466.7,143.63
467.79,3799.91
468.41,1393.63
471.01,2410.34
472.37,1395.35
472.93,2118.74
475.35,3982.46
475.36,2311.11
475.62,2419.27
476.59,1397.18
481.77,2970.39
482.18,1171.54
482.76,2414.91
484.13,3748.82
486.29,2289.17
489.73,2084.44
490.52,3379.22
492.17,2370.11
492.52,2767.16
496.91,2032.35
500.28,3388.51
501.06,1145.65
502.7,3851.18
502.74,2052.91
503.47,3811.61
503.5,2392.28
504.92,2395.96
504.98,4030.02
505.06,3812.54
506.0,2399.81
507.24,736.28
507.72,2430.01
508.56,3816.12
509.13,366.24
509.23,1149.69
509.98,2394.17
510.0,736.8
510.15,744.34
510.17,1523.82
510.9,2487.09
511.23,741.4
512.82,3819.72
513.12,738.71
513.4,3723.97
513.95,2795.49
514.27,1459.12
514.43,2052.01
514.83,3103.88
514.96,3561.29
515.58,735.78
515.95,1509.58
516.36,740.62
516.52,733.06
517.39,3109.94
517.74,1451.26
518.0,2792.35
518.04,2467.33
519.21,129.32
519.23,741.18
520.53,2031.42
520.58,2791.09
522.1,2789.25
522.35,4056.79
523.36,3263.77
524.51,1231.4
526.16,1407.07
528.61,3729.52
532.55,3134.8
533.13,2775.21
534.44,2773.51
536.52,1409.37
536.69,2628.15
537.03,151.9
537.09,2772.26
538.56,534.1
538.9,2771.51
540.72,1410.84
542.86,1405.06
543.95,1412.05
544.04,4093.49
544.46,537.16
544.6,1419.45
545.18,3712.8
545.84,1413.52
546.65,3522.0
546.87,3719.88
546.99,3527.69
547.58,3694.45
549.63,4041.08
549.87,1414.34
551.04,2620.42
551.7,636.95
552.36,4039.5
554.04,645.2
554.2,4109.9
554.49,637.77
555.19,642.42
556.3,4113.16
556.41,3731.96
557.39,639.8
559.12,2049.56
559.86,1416.57
559.87,637.04
560.36,641.94
560.43,2678.04
560.89,634.43
562.13,2575.28
563.11,642.69
563.98,4124.61
564.21,2743.06
566.58,2739.36
570.1,2931.22
570.69,1313.05
571.44,3351.68
571.64,2656.42
576.76,3234.81
577.58,2730.51
581.33,2648.12
586.34,1253.0
586.64,3485.07
586.82,3482.64
587.45,3228.79
589.57,572.28
590.7,569.66
592.46,4167.38
592.96,567.19
593.5,441.3
593.89,2711.05
594.81,1286.35
595.08,443.84
595.43,564.57
595.77,2713.2
596.46,562.02
598.38,3651.82
600.28,2723.04
604.87,2751.28
604.93,2912.92
607.88,1185.75
608.82,3037.94
611.25,243.19
613.39,247.14
613.62,1200.28
615.95,251.58
616.08,765.6
618.3,767.03
618.77,4000.46
620.95,768.92
622.25,768.99
631.25,2670.34
631.3,1210.18
631.47,2890.71
633.2,485.46
634.45,482.58
635.27,3438.16
637.07,479.56
637.69,2666.86
637.94,2665.43
639.62,476.46
640.81,473.53
641.32,2825.15
641.51,3322.91
649.44,3010.35
650.14,2881.19
650.95,2999.48
651.02,3009.35
652.81,3002.26
654.54,3008.21
657.42,301.67
657.47,3012.07
658.99,3006.62
660.89,3016.09
661.42,3005.06
662.11,685.76
664.64,504.65
665.92,688.44
667.23,4068.3
669.41,691.33
671.44,609.43
672.03,2997.83
672.21,4077.02
677.34,3394.51
680.59,2871.09
682.07,3384.42
682.78,3384.87
683.87,3588.67
684.2,3389.34
686.61,3601.8
686.81,3586.59
687.5,3593.48
687.56,367.62
688.13,365.85
689.0,2988.09
689.97,341.61
690.63,3923.69
691.0,3598.33
692.75,2752.81
692.82,345.76
693.08,2984.84
694.86,3927.08
697.53,3929.57
697.55,2608.26
697.63,361.03
698.82,344.35
698.85,2982.98
700.18,354.22
700.78,339.08
702.4,3090.26
705.89,936.19
707.59,523.28
707.88,3294.34
708.85,367.01
713.38,799.91
715.51,3586.85
715.55,907.01
715.74,2938.31
715.78,800.0
720.34,2967.37
720.37,3437.53
722.78,805.04
723.4,194.5
723.66,2968.43
723.77,2952.87
724.94,3557.69
729.17,3452.2
729.42,203.11
731.8,206.29
734.47,902.71
736.02,184.5
736.17,399.12
736.25,847.05
736.82,2999.57
739.07,223.45
739.1,223.49
741.25,811.66
742.35,192.76
743.79,2984.49
744.64,824.74
746.75,2854.84
747.19,201.87
749.76,190.02
750.28,191.11
750.72,217.17
753.79,2009.68
754.76,3559.18
756.5,819.47
761.41,749.66
763.2,2129.27
769.0,3548.4
775.95,758.64
776.79,762.05
777.36,753.4
779.02,3522.56
779.53,770.73
779.71,3054.0
780.62,765.4
790.8,465.13
791.73,694.89
792.11,3043.83
796.81,2828.28
797.4,839.41
800.88,2927.09
801.59,2927.63
804.06,4156.37
804.67,3990.28
806.32,707.18
806.5,2925.96
810.41,694.11
812.0,3989.06
812.92,639.48
816.74,3998.4
817.67,2940.0
820.68,496.24
822.58,2253.72
822.86,2031.55
823.03,2254.43
823.57,2252.96
824.84,2133.27
825.31,4003.49
826.22,2126.93
826.68,2913.62
826.84,2120.93
827.02,2123.77
827.64,646.87
828.44,2912.42
828.95,4163.05
831.74,2889.95
832.43,2893.25
833.68,2896.83
835.76,2909.56
838.93,2374.73
843.01,3106.73
843.38,2905.9
845.97,2904.71
847.08,335.28
849.05,4019.68
850.21,1906.24
851.27,537.72
851.41,4157.65
851.82,3813.74
852.26,574.3
852.54,3496.78
853.11,4023.1
853.98,3501.33
854.19,4022.74
855.84,3481.07
856.21,561.01
857.41,3473.67
857.72,490.49
858.54,4026.54
860.82,3699.99
862.28,3901.05
867.44,456.47
868.35,3137.43
870.94,3166.37
871.87,165.43
875.29,852.97
876.03,2486.83
876.51,3535.1
877.9,880.65
879.15,4139.13
879.89,2475.34
882.92,456.6
883.19,2483.96
887.79,2493.24
887.87,592.73
887.88,3449.12
888.01,2482.68
890.42,2481.34
891.06,157.34
892.25,595.88
893.28,595.96
893.91,1446.33
894.11,1447.28
896.72,1903.72
899.22,4050.04
901.34,4051.46
901.78,3457.67
902.48,4051.67
904.64,4121.44
911.05,3433.99
911.73,1439.58
911.98,1454.91
913.02,611.32
913.04,1437.77
913.13,1439.47
913.36,1749.42
916.2,3736.33
916.21,1458.87
916.67,1458.2
918.52,2203.51
920.74,320.66
920.99,3445.03
925.23,2463.54
925.27,3614.77
928.51,4068.64
929.58,4068.71
931.12,4069.37
933.92,555.05
934.04,253.4
938.35,311.54
942.41,287.23
943.39,1471.45
943.84,3873.81
943.95,267.31
944.35,3825.35
945.75,1471.73
947.08,3825.92
950.37,123.15
950.41,289.51
950.9,3827.35
951.59,3421.83
957.19,3272.52
960.51,274.11
962.72,273.4
963.3,296.76
967.4,3670.62
967.76,1492.64
969.96,1494.46
970.84,1506.99
971.38,1501.15
971.81,2836.72
971.97,1497.57
972.7,2835.94
974.05,313.16
975.83,1494.2
975.84,2835.52
976.44,1492.72
978.2,958.1
978.49,1504.51
979.22,2834.41
982.5,1481.2
983.74,1967.58
983.76,1745.47
984.54,4098.51
985.0,3391.38
985.3,2067.02
985.83,1477.86
986.02,963.09
987.12,2016.9
987.84,2019.08
988.3,1900.19
988.55,1738.35
988.94,1474.65
990.36,1735.74
991.14,2021.05
991.54,3880.75
991.86,2201.89
992.0,2196.71
992.19,1733.4
994.34,3293.99
995.42,2125.91
996.87,2424.61
996.99,3882.45
997.88,2201.03
997.96,2413.79
1000.88,3831.53
1003.36,500.38
1003.59,2205.33
1003.71,2200.17
1004.36,313.61
1004.52,500.82
1008.54,3376.76
1008.89,2422.11
1009.78,2386.5
1013.66,3380.91
1015.78,3472.37
1015.8,3344.15
1018.6,4117.35
1019.06,3709.29
1019.75,3470.01
1022.46,485.9
1023.33,4121.03
1023.35,2926.35
1023.65,3467.9
1025.62,4123.53
1026.68,3334.51
1028.11,4124.8
1030.21,1898.26
1034.24,989.64
1039.05,3885.55
1039.66,3361.15
1040.26,212.63
1040.67,2790.8
1041.86,365.45
1046.29,3898.89
1046.36,2780.17
1053.56,3389.14
1055.94,3904.91
1057.4,4141.28
1058.71,3842.58
1061.68,454.74
1061.85,1665.79
1066.21,3338.48
1066.29,2773.75
1066.62,3435.43
1066.97,447.78
1067.62,2463.8
1067.73,1005.56
1067.94,2772.44
1068.59,1584.51
1069.0,3819.94
1069.67,3744.97
1070.52,1348.37
1070.99,1347.19
1071.65,2768.56
1073.59,1345.18
1076.36,1342.44
1076.93,2797.27
1077.57,3841.05
1077.66,3839.48
1081.56,3841.4
1082.83,3327.99
1084.11,424.86
1088.78,3422.26
1097.51,442.94
1100.62,2844.72
1100.9,1612.66
1102.13,1627.76
1102.66,1021.49
1103.94,3456.08
1104.7,1625.44
1105.48,1617.81
1105.64,1624.93
1105.67,1617.99
1107.52,1024.87
1109.81,1621.8
1111.1,3318.69
1112.56,1029.01
1112.62,1652.86
1113.57,1475.49
1113.61,1624.66
1113.65,1618.84
1113.9,3694.01
1116.13,1734.77
1116.27,2877.5
1116.68,1616.21
1118.18,3406.49
1119.07,1630.63
1123.02,1631.86
1123.31,2726.13
1123.65,1892.7
1125.18,1265.74
1127.52,2011.47
1128.08,1637.34
1128.41,3452.83
1128.72,1261.85
1129.22,1040.83
1130.41,3639.72
1131.24,2018.99
1131.56,1259.22
1131.63,1641.56
1131.83,2011.46
1132.32,3305.09
1132.48,3342.71
1135.76,2119.76
1137.17,3317.43
1138.0,3655.33
1140.18,2196.97
1140.63,2190.82
1141.04,2193.25
1142.61,2200.38
1142.99,2272.88
1143.19,1650.37
1143.22,2262.74
1146.45,2338.7
1147.68,3688.31
1148.4,3296.91
1150.72,2417.31
1156.68,1575.98
1157.72,2518.59
1159.57,1430.31
1160.22,116.37
1160.24,3622.98
1161.56,2521.39
1164.92,2514.68
1165.38,2529.84
1165.53,2524.36
1165.68,2518.96
1166.13,2534.12
1166.36,3492.89
1169.58,2527.53
1169.71,2545.68
1170.05,2552.96
1170.67,2552.39
1171.01,2226.25
1173.34,2530.25
1176.37,544.86
1177.13,210.59
1179.98,3617.48
1181.35,1551.42
1182.73,859.23
1183.0,3273.09
1184.97,1549.09
1185.22,2535.9
1187.07,2536.74
1188.73,1546.64
1189.41,2539.52
1189.5,2540.5
1194.96,516.43
1203.91,3531.83
1204.41,3258.86
1205.25,3627.63
1205.96,1717.99
1206.71,1697.9
1206.98,1146.88
1208.0,3557.7
1208.69,1145.8
1209.73,2649.87
1210.06,2637.8
1211.37,1700.92
1211.75,2647.88
1212.56,1142.48
1212.59,2641.25
1212.9,645.72
1214.62,2646.46
1215.27,613.07
1216.26,2649.26
1216.45,1703.79
1218.36,2651.45
1218.68,2644.16
1220.07,1118.28
1220.43,2642.46
1221.65,1129.38
1223.21,1127.17
1226.35,3608.06
1226.51,1125.16
1227.2,1366.64
1227.69,3280.68
1228.84,1128.51
1230.96,1130.31
1232.74,1118.09
1234.3,3562.74
1234.82,3243.24
1241.4,649.83
1241.87,3225.49
1246.68,3527.77
1248.79,3634.27
1252.52,380.49
1254.62,3217.27
1256.28,139.34
1263.1,153.67
1266.84,1470.88
1267.17,722.42
1268.68,474.96
1268.75,2585.65
1270.17,726.66
1270.57,2596.68
1271.63,1325.75
1272.18,1465.72
1273.2,2594.07
1274.22,2590.43
1275.7,3204.54
1276.58,1462.8
1277.44,2591.76
1278.11,3230.25
1279.16,2589.93
1279.86,3607.79
1280.48,2594.25
1283.35,2587.32
1283.54,742.73
1283.6,2595.83
1284.11,458.51
1284.31,445.2
1285.9,740.77
1286.07,3676.1
1286.26,1880.38
1286.43,197.13
1286.59,1454.47
1286.88,739.42
1286.88,741.11
1287.0,1463.61
1288.53,3178.65
1289.12,738.07
1289.29,1345.0
1291.64,743.68
1291.79,736.38
1292.31,744.17
1299.65,727.77
1302.04,2002.7
1307.4,430.85
1314.7,129.31
1316.33,270.78
1320.15,268.83
1322.57,698.96
1324.51,1962.93
1325.14,2610.94
1327.2,2109.59
1330.75,1976.04
1331.67,2025.34
1331.97,2025.45
1332.09,2009.1
1332.56,2001.58
1332.59,2028.02
1332.89,2024.0
1333.7,2022.55
1334.11,165.57
1335.23,2208.42
1335.53,167.79
1336.1,171.22
1338.12,2207.99
1338.24,176.77
1338.51,1403.38
1340.38,410.54
1341.52,2208.57
1342.28,1400.93
1344.76,2209.28
1345.07,419.41
1345.62,3548.38
1346.03,1398.46
1347.4,2208.86
1357.98,2338.78
1358.23,1873.55
1360.81,400.73
1363.07,2813.06
1365.73,3144.88
1365.98,1996.73
1367.65,2625.03
1367.97,1247.17
1368.5,1762.2
1369.27,1247.96
1369.46,2430.19
1369.46,2504.67
1369.56,407.89
1370.11,1762.69
1370.11,2625.74
1371.21,1251.02
1372.19,235.18
1372.65,2501.48
1373.0,1764.84
1373.7,237.4
1373.82,2652.39
1373.98,1254.43
1374.1,2628.15
1374.4,240.86
1374.98,2608.19
1375.55,2803.07
1375.82,2589.11
1376.59,2630.03
1376.68,246.33
1377.05,2498.91
1377.49,1767.6
1379.09,2630.76
1383.2,1140.69
1386.28,2631.6
1387.6,3134.71
1389.01,2490.96
1389.15,879.63
1390.57,882.61
1390.66,2460.74
1391.0,3647.43
1391.75,884.77
1394.96,890.42
1395.82,1619.6
1396.12,2635.92
1397.37,2106.44
1397.67,2846.99
1398.83,3164.37
1398.98,2434.69
1398.99,2637.78
1404.28,1571.82
1405.99,3119.21
1406.82,1552.41
1407.67,1338.58
1408.96,2480.27
1411.17,3111.99
1414.75,2479.5
1415.56,374.8
1416.14,2478.17
1419.28,1290.88
1421.96,1294.2
1423.17,382.3
1424.45,1297.55
1428.42,951.93
1430.29,1322.25
1430.63,1300.99
1432.71,940.86
1433.79,342.11
1434.33,1312.08
1434.43,1304.18
1434.99,342.57
1435.72,946.7
1436.23,1309.67
1436.42,348.18
1437.02,1989.8
1437.62,1308.37
1438.84,1307.2
1440.14,1972.85
1440.68,1312.21
1440.71,1304.57
1440.8,2199.15
1441.19,1871.29
1441.55,2200.13
1442.06,2001.35
1443.5,357.07
1443.85,1879.58
1443.87,941.41
1444.82,1315.72
1444.99,1791.87
1446.28,1893.94
1446.39,361.98
1447.36,365.28
1447.72,1871.41
1449.22,1854.61
1449.54,3891.69
1450.86,373.34
1451.82,1151.06
1452.08,1794.25
1453.17,1794.44
1453.9,1259.18
1455.5,378.86
1456.75,380.52
1457.22,385.5
1457.3,2749.95
1458.5,386.42
1461.35,2161.94
1463.06,1796.78
1463.93,1152.75
1464.98,1000.81
1468.14,1272.05
1469.03,1878.76
1470.26,2916.02
1471.02,3890.07
1472.55,2198.61
1473.22,3864.32
1473.54,2199.56
1474.85,2764.43
1476.77,1269.6
1477.31,1683.0
1478.9,991.03
1481.03,1650.65
1481.34,1266.75
1481.75,3871.37
1482.14,3871.23
1482.45,759.32
1482.99,2247.52
1483.01,2786.83
1483.4,2252.58
1483.55,2252.85
1485.33,1612.38
1490.94,510.03
1492.2,2454.15
1492.91,2274.82
1493.32,2453.06
1493.82,498.15
1496.03,112.34
1496.48,505.17
1499.16,1623.0
1499.94,1036.28
1501.07,1613.81
1509.19,1001.04
1510.13,3900.52
1510.85,2413.95
1511.68,2376.61
1512.66,2423.41
1514.51,1972.07
1521.24,2448.44
1521.55,2680.2
1526.68,2448.25
1529.05,2682.0
1530.97,2447.29
1536.7,1393.34
1536.72,2028.2
1537.53,112.44
1539.28,2869.3
1540.73,4140.49
1540.93,2559.38
1542.2,1806.09
1542.77,2561.94
1544.52,2562.6
1545.53,2567.69
1546.6,3907.52
1549.94,2112.59
1551.68,2563.52
1552.37,1407.26
1552.6,2722.07
1553.24,1965.43
1553.71,1332.39
1555.09,2697.11
1556.32,2679.57
1557.49,1197.84
1559.4,1964.19
1559.97,1194.44
1560.03,1928.49
1560.13,3000.82
1562.87,1700.4
1563.16,1351.8
1563.45,2688.8
1563.48,3005.13
1564.69,1695.99
1564.71,1697.24
1566.16,1701.51
1566.45,3009.44
1567.74,3010.37
1577.73,1638.72
1577.78,1635.03
1580.57,1211.15
1581.3,2433.36
1582.83,2293.07
1583.4,1636.85
1584.62,1194.85
1584.82,2033.09
1585.91,1009.34
1586.66,1177.89
1591.47,3127.53
1592.83,3121.27
1594.35,1813.69
1595.06,1014.94
1595.9,1807.6
1596.1,1809.09
1599.67,2423.58
1599.95,1815.45
1602.57,1213.05
1603.74,2422.31
1603.75,384.41
1604.7,1708.21
1604.96,1708.38
1605.85,375.93
1606.26,1706.13
1606.35,2421.95
1606.36,382.98
1606.97,2458.58
1607.43,377.48
1608.05,2420.91
1608.98,381.05
1610.33,1816.4
1610.53,2972.82
1611.09,378.96
1611.41,385.43
1612.66,386.74
1613.18,1202.12
1614.06,377.04
1618.23,1006.54
1618.3,1466.26
1619.33,2819.55
1619.76,1462.41
1622.2,1465.9
1622.23,2820.7
1623.97,1466.97
1624.32,1139.48
1627.09,2567.12
1627.65,2961.77
1628.92,786.53
1629.49,2567.05
1631.38,784.94
1632.46,2568.3
1633.69,3917.49
1636.63,783.34
1637.13,778.23
1637.49,3918.73
1639.33,2569.38
1641.18,1823.05
1644.9,1931.9
1645.09,1226.51
1646.42,2163.12
1647.66,2398.78
1650.81,3108.43
1651.81,3104.49
1651.9,3089.9
1652.45,1925.96
1653.01,1826.03
1653.5,1648.68
1658.28,3101.96
1660.84,2189.73
1663.38,1236.62
1665.13,1601.97
1668.76,2699.88
1670.15,1089.32
1671.91,2189.14
1673.67,2039.26
1673.77,2033.83
1675.59,1116.76
1675.86,2196.46
1675.9,2136.03
1677.2,1299.35
1677.63,2135.82
1684.15,1931.13
1687.27,2922.54
1688.13,1519.42
1688.22,2921.27
1691.57,2924.29
1692.34,2386.25
1692.5,2923.9
1693.77,2697.75
1694.04,1507.63
1694.79,2917.67
1701.77,2262.34
1703.49,1128.19
1706.25,275.59
1706.96,1913.5
1708.32,3242.85
1709.48,1840.45
1710.67,1840.5
1711.2,2320.55
1712.18,2967.78
1713.23,1842.37
1716.1,1843.72
1716.73,1069.75
1717.55,1844.16
1717.83,1236.31
1718.05,1317.63
1718.83,2388.86
1719.1,2382.71
1720.06,1235.87
1721.64,2415.6
1721.77,2896.09
1722.64,2414.86
1723.75,2459.05
1723.77,1155.58
1725.24,2383.17
1725.36,3091.05
1730.39,1257.86
1732.6,1257.29
1733.26,1255.24
1738.8,1017.01
1742.74,1191.13
1742.98,3103.3
1743.6,1175.46
1744.27,3077.28
1745.7,3093.23
1746.25,606.84
1746.3,587.31
1748.3,643.77
1748.64,2981.0
1749.67,2970.66
1753.3,577.43
1754.22,1391.28
1754.31,1569.72
1754.91,618.43
1756.75,1561.18
1756.92,645.57
1757.41,643.33
1757.64,574.44
1758.05,996.54
1758.22,1019.51
1758.34,643.82
1760.53,621.53
1765.61,1627.23
1768.17,571.19
1768.76,1730.7
1771.89,1422.94
1776.89,2384.69
1778.25,1229.67
1779.55,573.08
1781.0,995.87
1781.56,733.34
1782.28,739.02
1782.39,735.89
1783.11,745.44
1786.19,616.99
1788.09,2850.78
1790.13,2032.19
1790.38,2849.71
1792.69,2981.25
1793.78,2848.02
1795.13,590.21
1795.24,2847.73
1795.68,599.41
1795.7,1103.55
1796.36,2847.05
1797.27,2844.27
1797.45,2844.2
1797.61,1959.23
1798.38,1669.78
1798.83,2844.14
1799.72,1669.41
1800.18,2472.76
1800.54,1920.63
1802.66,2842.33
1803.16,816.98
1803.95,823.42
1804.06,819.88
1804.38,569.23
1804.41,828.6
1805.33,831.62
1811.49,1219.5
1814.63,2392.92
1815.98,592.71
1816.42,2411.11
1816.85,594.26
1816.98,2393.99
1820.52,593.9
1820.58,2395.59
1822.27,1191.91
1822.75,2396.67
1823.48,2386.56
1825.63,2398.24
1827.59,2688.01
1831.2,914.85
1832.67,921.67
1835.81,3144.6
1836.06,2337.81
1836.82,932.88
1837.05,2820.82
1837.08,931.71
1837.52,2581.44
1837.61,918.25
1838.05,1472.54
1840.95,940.28
1842.58,2582.62
1843.36,947.3
1845.76,2921.95
1846.81,2583.76
1848.3,2583.59
1849.96,1845.45
1851.95,1284.92
1852.81,1845.36
1853.45,2407.56
1855.22,1276.16
1855.34,1912.63
1855.98,1846.36
1856.59,2409.78
1858.14,1306.43
1858.76,1014.14
1859.99,1847.51
1860.59,2412.69
1861.46,1674.52
1861.93,1847.33
1866.35,1606.96
1867.89,3055.1
1868.55,2219.52
1868.74,1664.0
1870.44,892.39
1872.47,2196.74
1873.41,2131.67
1873.96,1002.99
1875.21,2492.29
1876.49,2509.6
1876.81,1010.71
1878.01,2582.62
1878.23,1015.82
1878.25,2582.37
1879.17,1017.81
1879.84,1546.11
1880.05,743.64
1880.25,1385.57
1880.56,2583.76
1880.84,1020.96
1881.17,2222.02
1882.35,502.3
1882.87,748.83
1884.09,752.04
1884.97,1249.98
1885.93,754.26
1889.63,1653.96
1891.2,2683.41
1892.1,516.77
1893.73,2684.98
1894.21,4121.91
1895.32,3176.32
1897.57,3048.66
1899.53,1056.12
1900.28,1057.11
1900.68,1060.36
1901.94,1276.08
1901.97,1064.65
1902.77,1295.55
1903.68,2007.17
1904.71,2797.02
1905.48,2796.09
1906.1,2795.77
1907.03,2444.99
1907.28,1846.57
1908.48,2796.46
1910.44,1665.3
1911.22,2150.64
1912.05,1843.93
1912.39,1757.06
1912.64,1925.32
1913.03,789.13
1913.9,2796.46
1915.36,2196.4
1916.68,1839.46
1917.48,2150.58
1917.98,1907.62
1921.85,1301.09
1922.38,1928.79
1922.87,3184.39
1929.32,2491.0
1929.33,1989.76
1929.56,1646.68
1929.92,850.84
1932.97,847.19
1933.18,855.68
1936.13,3124.4
1936.27,1130.07
1936.32,1553.14
1936.98,1415.93
1937.7,1135.01
1938.14,1138.23
1938.27,1941.12
1938.85,1139.33
1940.01,1284.92
1940.88,3100.2
1941.41,2474.9
1941.87,2482.07
1943.94,2476.45
1944.39,2479.09
1945.49,2355.92
1946.23,3092.54
1947.42,3105.37
1947.84,1965.7
1947.98,2358.95
1949.41,2475.74
1951.52,3100.64
1952.62,2477.15
1952.8,2469.68
1953.5,887.13
1954.92,3088.73
1955.0,2465.63
1955.34,461.83
1956.95,1972.7
1957.41,3090.26
1957.59,1899.54
1960.34,3083.29
1961.42,2658.12
1962.34,826.19
1963.6,825.38
1965.45,1977.88
1967.02,2949.67
1978.03,1225.21
1978.3,3072.36
1981.52,926.12
1982.94,3104.53
1985.18,2723.1
1985.88,849.84
1986.19,1292.46
1986.74,2993.13
1989.08,1979.43
1993.03,1287.51
1995.63,1263.68
1996.22,3017.51
1996.81,2500.06
1999.6,3137.77
1999.95,2354.53
2000.78,1277.05
2001.05,1892.45
2001.48,1281.41
2001.91,3770.24
2003.29,1283.91
2005.46,1289.34
2007.3,1294.42
2009.95,2758.71
2010.62,2439.06
2010.84,1305.59
2011.12,1493.64
2014.5,3003.84
2016.76,3004.88
2018.02,2488.58
2018.1,1279.67
2019.04,1323.1
2020.25,1566.09
2021.56,894.33
2024.49,2997.34
2028.07,1666.9
2029.28,3156.38
2031.35,1346.79
2032.5,1351.04
2034.09,1355.51
2034.8,1739.73
2037.16,1764.82
2039.02,2735.76
2040.58,2717.01
2040.97,399.92
2042.11,1972.39
2042.83,1978.21
2044.03,1811.01
2046.0,1375.12
2050.07,1008.69
2052.18,2116.3
2052.21,1884.95
2053.76,2477.88
2054.31,1007.62
2055.09,1006.93
2056.58,2736.73
2058.33,2735.05
2058.41,2730.84
2060.97,3027.33
2061.62,2708.3
2062.68,2685.38
2062.76,2244.6
2062.86,628.91
2065.41,2630.85
2068.54,2345.46
2069.23,2987.41
2070.31,2384.82
2072.64,2431.1
2073.03,2440.3
2073.77,2974.5
2073.96,621.52
2073.98,1284.5
2074.23,2501.33
2074.69,2472.84
2074.71,2487.78
2077.98,1435.8
2079.11,2716.69
2081.25,2941.13
2081.31,2113.77
2082.03,990.27
2082.8,989.52
2084.77,3279.06
2085.49,1484.19
2086.18,988.91
2088.55,1303.19
2091.71,2981.97
2093.94,984.41
2098.78,2715.91
2103.04,2713.94
2108.17,1551.59
2108.41,1876.37
2108.52,1520.68
2108.95,1685.61
2109.11,351.09
2110.9,1544.57
2116.72,1558.96
2117.61,1542.61
2118.55,3218.42
2119.71,1543.22
2121.88,4030.04
2122.04,3213.36
2123.88,1554.16
2123.94,3210.19
2131.35,1800.0
2131.59,4020.18
2132.17,3195.49
2134.43,4023.07
2135.39,704.97
2135.97,2514.44
2140.69,1858.91
2142.53,2833.43
2145.42,3202.59
2145.95,1898.01
2146.11,1443.64
2148.01,2701.07
2148.93,3081.55
2150.38,1067.93
2150.62,1882.62
2152.46,2700.7
2154.43,1352.04
2155.71,2700.77
2156.97,2700.23
2158.86,564.83
2161.52,1875.59
2161.92,1300.86
2163.29,4041.64
2166.56,87.57
2169.91,1143.59
2179.09,1696.21
2181.2,3860.44
2181.36,2107.76
2182.72,1585.48
2186.66,3109.71
2189.58,2204.13
2189.66,87.68
2190.57,2955.62
2195.76,1123.37
2197.04,1124.31
2197.77,1322.76
2198.06,1174.72
2198.99,1454.7
2201.68,1360.1
2201.75,1363.28
2202.16,434.33
2202.65,1352.51
2203.82,1298.64
2204.17,1299.29
2204.45,1341.94
2204.73,1296.06
2204.76,1343.66
2206.1,1310.9
2208.44,2489.84
2218.35,645.47
2219.22,1196.7
2220.01,1853.75
2221.19,2055.84
2222.09,2885.76
2222.59,1314.99
2228.94,2099.78
2230.22,2870.03
2232.5,1330.98
2232.64,245.8
2234.28,252.66
2235.41,254.96
2235.49,269.26
2237.14,259.36
2238.77,249.84
2238.85,263.68
2240.05,266.39
2241.72,273.13
2247.6,2197.04
2249.54,2194.14
2251.41,2491.54
2253.36,1097.6
2255.2,2481.26
2255.37,2451.12
2255.82,4089.66
2256.9,2411.78
2256.97,2372.81
2256.97,4123.31
2259.46,4030.85
2259.81,3268.33
2260.42,2291.1
2260.79,2952.21
2261.47,2250.86
2262.22,2248.54
2262.69,614.07
2262.7,2269.74
2264.79,2664.25
2265.61,2663.67
2267.51,2950.75
2268.28,3386.68
2268.56,2663.77
2268.83,492.25
2269.5,2949.15
2270.22,3386.87
2271.62,2663.28
2274.08,1474.94
2274.3,4033.4
2274.33,2532.38
2274.35,3390.17
2275.29,4017.09
2276.47,3998.66
2277.24,3392.94
2277.67,1369.49
2278.52,3995.9
2280.06,3394.35
2283.47,371.13
2284.4,375.47
2284.46,1337.13
2285.25,379.93
2286.18,3377.56
2289.85,2940.64
2290.79,2652.97
2291.09,2727.81
2291.49,2499.02
2293.36,1319.47
2295.99,2651.52
2299.65,2651.53
2301.84,3189.96
2302.27,2650.53
2303.78,4123.27
2304.03,3187.28
2304.26,967.32
2305.48,463.38
2306.39,967.77
2306.56,3190.12
2306.66,3929.64
2306.84,1291.87
2307.8,3190.56
2308.44,461.06
2308.84,511.29
2310.05,3924.51
2310.68,3331.78
2312.12,3922.03
2312.54,1301.33
2313.22,3919.32
2313.87,449.88
2314.84,2725.65
2314.94,452.85
2315.04,3325.44
2315.59,456.68
2317.32,627.14
2319.41,455.17
2319.86,2274.41
2321.38,2391.99
2321.72,453.26
2321.77,3896.05
2321.98,624.3
2322.73,3893.53
2323.75,3300.65
2324.67,2361.24
2324.81,3891.14
2325.59,2363.47
2328.0,1492.61
2328.07,2642.6
2328.17,3885.7
2328.75,4101.64
2330.82,891.89
2331.13,1054.23
2332.87,3335.58
2333.93,124.08
2334.29,553.89
2337.02,516.68
2345.56,1833.3
2348.07,2722.67
2348.74,1344.61
2353.06,1304.35
2354.64,599.29
2356.66,1832.97
2356.96,3063.22
2359.39,3350.13
2359.43,1034.21
2359.5,1410.15
2359.54,2505.88
2360.18,931.31
2360.21,1754.37
2360.4,3810.96
2360.84,1032.41
2360.94,2892.67
2362.9,3807.4
2363.25,539.44
2363.63,1697.17
2364.29,4020.75
2365.23,168.01
2365.38,3803.75
2365.39,1853.2
2365.44,4018.46
2365.81,4017.49
2366.37,3225.96
2367.03,637.64
2367.95,1923.06
2370.02,2933.62
2371.16,2917.57
2372.09,2398.28
2373.31,639.29
2374.13,2924.11
2374.99,2372.8
2375.57,2932.41
2375.77,2337.23
2375.89,2930.44
2376.3,642.64
2376.61,529.89
2377.17,2337.1
2377.62,1609.55
2377.99,2937.61
2379.65,2930.03
2380.3,2338.82
2380.37,643.56
2380.58,2943.19
2382.6,3978.33
2383.1,2929.06
2383.43,3334.94
2385.05,3095.71
2387.08,2508.2
2389.32,2484.38
2389.58,2259.05
2390.68,1850.26
2392.17,3178.88
2392.55,1530.92
2392.67,1532.24
2394.8,1526.12
2396.28,3718.33
2396.46,3715.76
2397.01,1826.77
2397.54,84.27
2398.06,3712.73
2398.35,1993.93
2399.54,3706.87
2400.14,153.32
2401.91,2051.42
2402.05,1856.42
2402.32,1615.78
2402.49,563.89
2403.75,997.7
2403.81,3935.14
2406.45,76.34
2407.94,2797.77
2408.08,1873.23
2409.08,1695.68
2409.08,1842.48
2409.74,1696.74
2410.32,1996.31
2410.56,2066.34
2411.34,2638.32
2412.06,2796.86
2412.77,2795.98
2414.19,1377.42
2417.4,1795.55
2418.45,2710.68
2418.54,3130.34
2419.1,2678.31
2419.42,2703.22
2419.45,3031.96
2420.07,2640.21
2420.15,2081.11
2420.37,2724.35
2421.33,2631.71
2421.51,1696.4
2421.54,1443.94
2421.76,713.77
2422.38,2783.62
2422.44,2638.75
2422.72,2529.48
2423.08,2479.19
2423.92,3719.05
2424.07,2524.96
2424.47,2640.7
2426.24,1619.3
2426.58,1827.9
2427.13,2681.39
2427.16,1807.44
2427.22,2178.24
2427.65,3949.43
2427.91,2639.75
2428.32,2641.4
2428.41,1656.14
2429.4,3265.42
2429.59,2646.57
2430.22,1419.94
2430.7,113.0
2430.83,3264.61
2431.54,1619.39
2432.47,1390.36
2433.4,1537.46
2433.64,2678.11
2434.84,1805.28
2435.49,2709.86
2435.58,1412.11
2436.47,1833.28
2437.34,795.14
2437.69,2145.73
2437.9,2643.19
2438.93,2904.73
2439.27,123.92
2439.45,3053.73
2439.71,1856.88
2439.98,2838.39
2440.16,2179.39
2441.58,3483.55
2441.84,1620.75
2443.04,2347.17
2443.13,781.58
2443.44,2234.84
2443.45,2354.33
2443.46,1779.2
2443.58,1626.95
2443.66,1703.31
2445.11,3493.04
2445.92,785.62
2446.29,1643.19
2446.44,2807.11
2446.65,2278.79
2447.22,1655.71
2447.4,3486.82
2448.15,783.91
2448.31,2184.02
2448.56,1868.79
2449.39,2484.11
2449.92,478.02
2452.61,1405.26
2453.55,1178.24
2453.65,2378.06
2453.7,2442.87
2453.84,1234.79
2454.25,2834.19
2454.66,3069.65
2454.96,789.28
2455.34,1176.58
2455.73,1518.91
2455.74,3448.19
2456.61,1429.02
2456.66,2331.92
2456.89,2865.11
2457.02,2212.73
2457.16,2403.39
2457.98,2911.66
2458.33,2384.8
2458.37,2828.55
2458.63,3226.68
2458.67,3401.36
2460.49,2226.94
2462.5,1829.1
2462.92,2257.57
2466.65,1807.36
2466.93,1476.55
2470.73,1200.33
2471.33,241.27
2474.52,2497.89
2474.69,1557.76
2475.28,2891.91
2475.58,2002.02
2476.55,2908.2
2477.68,3497.53
2478.08,2518.09
2479.34,3384.72
2480.62,1441.05
2481.24,1484.87
2481.33,842.8
2481.42,3009.95
2481.49,2038.26
2481.59,3885.64
2482.25,2535.1
2482.78,3192.96
2483.37,2051.34
2483.94,824.93
2484.17,2252.89
2484.97,1444.36
2485.66,2966.04
2485.84,3388.55
2485.88,1459.44
2486.64,2043.19
2487.49,2170.28
2488.18,1443.5
2488.74,1708.3
2488.8,2385.09
2489.15,3298.29
2489.18,3299.53
2490.03,1445.14
2490.46,3352.09
2492.01,1439.36
2492.37,2170.06
2492.43,1435.87
2492.47,1709.61
2494.69,2868.03
2495.33,1711.15
2496.57,1711.08
2496.97,2335.04
2497.23,2852.65
2499.62,2645.02
2499.72,1390.08
2499.87,3209.49
2500.7,1098.01
2501.26,2529.87
2501.57,94.72
2503.17,1095.77
2503.4,1094.75
2503.61,1817.33
2503.65,2645.99
2503.76,2788.57
2504.02,2708.12
2504.6,1424.72
2506.21,1453.47
2506.29,1450.53
2506.9,2264.5
2507.59,1825.88
2507.91,2646.84
2510.27,3401.09
2511.32,873.05
2512.3,873.34
2512.48,2166.62
2513.26,2534.65
2515.03,872.83
2515.05,1069.87
2515.74,1475.88
2517.28,3315.03
2518.06,1066.29
2521.29,1630.53
2523.03,1281.59
2523.99,308.16
2524.97,1626.31
2525.24,1625.3
2525.64,1631.12
2525.74,3983.61
2528.06,1282.16
2528.47,2900.09
2528.49,3106.53
2529.38,3745.33
2531.08,1864.48
2535.04,2037.7
2536.24,1291.07
2538.71,1327.93
2542.33,1585.77
2542.53,1591.65
2542.54,4088.88
2544.74,2646.49
2545.6,1809.73
2546.64,1586.44
2548.48,1910.46
2549.34,1916.59
2549.43,1913.02
2550.36,1922.28
2552.36,1925.8
2556.28,1986.17
2557.46,3934.61
2557.89,2033.46
2558.24,2036.17
2558.32,1501.47
2558.78,2030.0
2559.24,2023.89
2559.53,2026.75
2560.79,284.59
2560.79,1563.38
2561.98,3636.7
2562.17,3427.13
2562.47,162.25
2562.71,926.14
2562.9,681.76
2564.12,3453.03
2565.61,2145.46
2566.49,2113.25
2566.95,3275.68
2567.34,3623.62
2567.59,163.59
2567.6,1161.15
2568.4,391.85
2570.93,2132.79
2571.36,2133.92
2573.3,4012.54
2575.23,166.79
2575.62,3598.98
2575.72,1230.06
2577.24,1518.87
2577.87,958.21
2579.03,2213.71
2579.09,1163.49
2579.25,2237.23
2579.47,1532.07
2581.85,383.62
2582.13,1708.78
2582.94,1709.73
2585.0,170.68
2587.1,2260.9
2587.41,3953.55
2587.67,171.29
2589.14,2904.89
2589.45,1131.08
2590.36,967.36
2592.41,1207.73
2592.93,1114.44
2594.16,1128.39
2594.41,2893.96
2595.54,2476.43
2597.18,2512.06
2601.29,3445.56
2601.72,3942.13
2601.85,3941.59
2603.43,3964.77
2603.48,72.84
2605.17,3928.04
2606.14,4112.8
2606.24,2382.61
2607.01,413.7
2609.65,2951.85
2612.01,2030.44
2613.32,3608.58
2613.51,997.43
2619.11,361.08
2620.07,1008.09
2621.43,3753.95
2621.79,3479.58
2625.51,3765.71
2625.92,3153.83
2628.78,448.3
2628.95,3778.75
2629.02,738.97
2629.54,3459.37
2629.68,2547.81
2629.91,1093.68
2630.4,740.08
2631.53,3646.02
2632.04,374.21
2632.13,3784.9
2633.35,1549.83
2633.49,2637.78
2633.71,3620.04
2635.73,1024.06
2636.18,1550.62
2636.57,381.34
2636.62,3366.96
2637.06,3594.57
2640.51,2627.02
2641.21,1592.02
2641.33,1552.71
2642.09,1539.27
2642.52,1702.91
2642.65,1483.1
2642.88,1480.11
2642.91,1801.3
2642.93,1896.34
2643.03,1630.28
2643.21,373.74
2643.51,1818.86
2643.88,1823.99
2644.14,1477.23
2644.49,1554.5
2645.8,1471.33
2647.09,1150.14
2647.24,2770.41
2647.37,2646.77
2647.38,3770.17
2647.42,1555.76
2648.09,1035.41
2648.21,3607.05
2648.45,2769.84
2649.37,1702.02
2650.49,1425.35
2650.66,2572.56
2651.48,1541.94
2652.68,2928.23
2654.41,2636.61
2655.47,2914.66
2655.93,1477.68
2657.37,2546.53
2657.66,1477.51
2658.34,425.15
2659.46,423.93
2662.2,419.94
2662.45,1479.22
2662.47,423.05
2666.44,566.16
2668.34,2504.87
2671.28,2925.5
2671.81,1327.23
2672.2,2928.88
2676.32,1076.41
2678.39,1406.85
2679.61,1128.14
2679.67,1076.85
2683.14,198.46
2688.43,2988.36
2689.85,3512.16
2690.77,2998.84
2690.82,1244.18
2692.43,1238.88
2693.62,2103.4
2697.09,3552.79
2697.88,2100.31
2698.01,2039.99
2698.17,3926.65
2698.2,2262.68
2698.5,1938.69
2698.73,2011.49
2699.03,2180.73
2699.86,1828.99
2700.06,1888.87
2700.12,534.02
2701.28,2547.67
2701.63,3399.04
2702.32,2998.06
2702.64,3107.0
2702.75,2041.81
2703.17,1132.35
2703.41,3520.09
2703.74,1127.25
2707.07,3565.55
2709.04,1091.3
2709.26,3390.94
2710.41,3189.72
2711.73,1694.68
2712.06,1814.09
2712.38,1087.82
2716.93,1086.52
2717.26,2959.91
2717.8,3531.92
2718.21,1145.66
2718.45,1086.1
2721.88,3270.14
2724.69,2991.69
2725.79,3301.7
2726.32,2980.54
2726.65,2998.86
2727.51,3492.85
2727.74,4072.2
2728.42,2987.29
2729.75,958.64
2730.41,2989.56
2730.94,2976.32
2732.82,4097.59
2732.96,3368.6
2733.97,4052.48
2734.42,2639.54
2734.57,1483.6
2735.36,2968.95
2736.16,1415.06
2737.16,3548.91
2737.44,4041.73
2738.14,4076.87
2739.48,3098.36
2740.32,1815.93
2741.5,4064.48
2741.84,1416.62
2742.84,1419.45
2743.12,2050.29
2743.58,2990.09
2745.01,4051.22
2746.03,853.57
2746.38,3929.31
2746.83,846.94
2747.02,3915.44
2749.21,4054.9
2750.47,2356.74
2751.19,3593.82
2752.13,3595.4
2752.31,1816.55
2753.5,3490.51
2754.4,2176.94
2754.59,1084.33
2756.01,2354.36
2756.03,1838.32
2757.97,3664.23
2758.76,4000.52
2759.07,3672.8
2759.3,3668.3
2760.53,768.95
2761.15,1086.06
2761.46,759.61
2762.27,2354.35
2763.26,1484.3
2763.63,1487.3
2764.14,3791.95
2767.12,2352.09
2768.27,3091.6
2768.83,1141.67
2769.09,1085.77
2769.95,3798.28
2770.2,3792.28
2770.49,3786.22
2770.49,3940.99
2770.9,3789.0
2772.83,2002.6
2773.39,1070.11
2773.81,2972.06
2773.92,1943.13
2774.57,3396.51
2775.35,3920.84
2775.39,3047.76
2775.86,3911.26
2776.63,3566.86
2777.0,3089.6
2777.55,2041.9
2778.31,3908.67
2778.64,1848.02
2780.01,628.05
2780.41,3064.24
2781.45,226.25
2781.61,3021.65
2782.5,2950.81
2783.13,4073.86
2783.14,2259.55
2783.66,1085.59
2784.63,2943.5
2785.27,2940.84
2785.62,4076.34
2785.63,1144.29
2786.17,3129.1
2786.22,1929.95
2786.49,970.26
2786.89,3087.46
2786.95,2088.94
2788.01,2934.62
2788.24,2081.16
2788.89,4079.36
2789.05,2086.2
2789.51,2344.93
2790.65,2261.45
2790.82,3101.0
2790.89,2262.93
2791.19,3295.75
2791.34,2258.19
2791.96,2929.49
2791.98,2253.21
2792.0,352.46
2792.8,2929.6
2793.21,2173.93
2793.82,242.42
2793.95,1819.98
2794.05,510.81
2794.95,509.31
2795.18,869.35
2798.52,2345.61
2798.81,2344.92
2799.64,3137.84
2801.8,3925.89
2802.26,3181.83
2802.7,4091.0
2802.95,1260.31
2803.0,3184.05
2803.03,811.06
2803.05,2345.24
2803.93,4099.37
2804.1,476.92
2804.47,4096.44
2804.52,4101.79
2805.7,4104.09
2806.24,777.5
2807.3,2897.17
2808.55,2896.45
2811.9,2892.58
2812.41,1694.15
2814.84,4091.77
2814.96,356.09
2818.54,4091.25
2821.34,3181.89
2823.05,4091.51
2824.44,2869.25
2824.91,3291.76
2825.54,237.93
2825.86,251.76
2826.23,3293.45
2827.41,3295.51
2827.62,3916.28
2827.95,4103.96
2828.32,4090.06
2830.2,583.62
2830.48,1189.7
2832.9,4106.8
2834.48,655.34
2835.11,2079.79
2836.35,358.19
2836.97,627.47
2838.19,1975.1
2838.67,1931.07
2840.18,1807.76
2840.34,1795.07
2840.82,1627.86
2841.65,225.98
2841.7,3381.79
2842.43,570.58
2842.48,630.49
2842.89,4019.89
2843.64,1629.18
2843.68,2920.72
2843.84,3386.97
2843.99,1078.54
2844.67,1075.96
2844.92,1076.12
2845.17,2843.69
2846.42,3388.58
2846.65,1500.06
2847.21,2840.21
2849.56,1299.12
2850.34,3442.81
2850.44,1631.68
2851.83,260.67
2852.28,1608.53
2852.57,1598.91
2853.23,67.9
2853.46,1751.26
2854.43,1016.7
2854.65,1707.19
2854.79,2831.62
2855.01,1631.26
2857.28,1156.8
2858.97,1379.06
2860.54,1878.02
2861.36,242.4
2861.84,2987.58
2861.85,3480.95
2862.55,1365.92
2864.43,1823.09
2866.73,1636.23
2866.86,1637.52
2867.19,2185.95
2867.49,2551.81
2868.29,68.48
2869.06,3568.96
2869.45,1639.04
2869.82,1638.27
2870.63,1639.94
2871.1,617.97
2872.17,1639.31
2873.93,1341.06
2875.93,1646.07
2876.96,2073.2
2877.07,2911.78
2878.78,3479.12
2879.16,1651.7
2879.8,3068.06
2880.07,1976.91
2880.13,2077.95
2880.27,2073.46
2880.51,2549.39
2880.78,2252.26
2881.3,2259.19
2881.98,1660.02
2882.16,2086.13
2883.27,3552.5
2883.76,75.88
2884.05,1316.41
2884.37,485.24
2885.5,2546.8
2887.22,1300.39
2887.77,1221.75
2887.96,71.19
2888.82,1092.77
2889.42,3569.17
2890.25,3178.63
2890.45,2545.72
2891.79,1700.12
2891.96,3525.98
2892.23,1705.96
2892.45,1709.76
2892.58,1702.56
2893.12,1711.94
2893.31,503.31
2893.46,3285.95
2893.84,2551.63
2894.85,740.22
2896.59,1639.15
2897.4,1195.01
2898.83,1826.45
2899.77,3385.58
2902.92,3476.5
2903.87,1742.34
2904.45,2331.99
2904.78,538.55
2905.02,1744.88
2905.07,3596.61
2905.22,1748.51
2905.35,2331.62
2905.68,514.98
2907.12,514.32
2907.18,1753.44
2907.91,3569.25
2908.94,774.41
2909.07,2528.85
2909.35,2392.18
2909.81,2408.12
2911.0,3784.0
2911.31,1221.85
2912.79,2330.89
2912.9,2258.96
2912.99,2265.22
2913.41,1761.57
2914.46,1168.1
2916.53,2783.76
2919.27,2259.33
2920.28,1765.6
2920.68,2508.43
2921.37,1768.65
2922.53,1770.7
2923.51,1771.69
2924.46,1821.11
2925.54,1105.76
2925.83,2329.18
2925.88,3601.09
2928.5,2328.43
2929.64,1833.54
2930.93,1071.97
2933.84,2663.04
2934.3,1640.1
2934.73,1770.58
2935.13,1936.4
2935.62,2390.33
2935.73,1930.38
2935.97,1907.08
2936.48,1056.99
2936.78,1924.66
2936.97,1925.8
2936.98,1211.86
2937.96,2065.76
2938.83,3569.42
2939.57,1837.66
2939.82,2256.79
2941.25,836.16
2941.35,835.81
2944.09,835.99
2945.06,1897.16
2945.35,1807.46
2949.43,997.6
2949.58,2710.32
2949.74,2712.79
2951.4,2712.83
2951.58,1172.61
2951.92,1813.4
2952.55,2747.42
2956.21,2737.55
2957.24,2755.29
2957.31,389.91
2957.38,1174.24
2960.2,1104.74
2960.43,1175.86
2960.79,3693.76
2961.86,2734.76
2963.04,1176.06
2963.08,1104.51
2963.6,392.85
2964.06,2757.43
2965.54,1535.88
2966.68,1105.5
2966.8,1338.12
2966.86,1853.56
2969.48,907.04
2971.57,2754.51
2971.69,2737.6
2972.28,1106.27
2972.69,377.75
2973.23,378.75
2973.24,2322.0
2973.6,378.21
2973.82,895.47
2975.03,2784.27
2975.28,2744.54
2976.58,1777.64
2977.43,625.56
2977.89,1903.03
2977.96,3168.32
2978.06,622.01
2978.1,779.2
2979.27,1059.17
2979.3,3672.23
2980.17,570.18
2980.51,1276.0
2982.61,1269.97
2982.71,1271.2
2982.77,623.44
2985.33,487.95
2985.68,2836.62
2986.1,1957.05
2986.27,399.84
2986.55,1277.63
2986.75,2740.35
2987.08,399.83
2989.17,401.81
2989.53,3269.56
2991.15,3568.43
2993.0,1954.28
2993.91,2880.02
2995.16,292.65
2995.56,1908.55
2996.22,1187.26
2998.12,1181.47
2999.29,277.21
2999.87,1178.52
3000.2,1175.95
3001.18,217.9
3003.09,221.36
3003.55,2948.12
3007.16,1966.32
3007.8,1880.13
3008.25,900.75
3009.27,208.56
3009.97,1238.17
3012.32,1111.47
3013.56,1105.29
3013.84,1061.31
3014.35,1280.6
3014.39,1099.33
3014.4,1102.3
3014.45,221.83
3015.66,3693.17
3017.1,217.0
3022.88,2389.79
3024.23,114.44
3026.34,2389.87
3026.72,2320.68
3029.56,2484.54
3031.42,2320.57
3031.89,1350.68
3032.33,793.81
3037.69,3714.34
3038.74,1650.39
3039.0,1708.32
3039.29,1966.5
3040.1,757.31
3040.58,3019.89
3042.2,3026.25
3042.77,732.05
3043.99,3688.5
3046.6,3013.33
3046.79,3012.73
3047.21,3163.5
3048.25,1970.46
3049.18,631.41
3049.63,2558.42
3050.57,3741.9
3052.93,3776.71
3054.61,423.54
3054.88,633.78
3056.41,1233.76
3057.53,1061.98
3057.67,635.73
3059.05,1945.49
3059.29,2706.28
3059.78,2481.09
3060.18,636.24
3060.43,1014.69
3061.16,3898.12
3061.51,1785.36
3061.84,2704.85
3061.92,2538.03
3062.16,3914.53
3062.92,1780.19
3063.06,1862.92
3063.59,1801.41
3063.99,1785.3
3066.93,1946.26
3067.63,2562.43
3067.78,3074.83
3070.21,1527.37
3071.52,1799.25
3071.75,1801.78
3073.14,4052.17
3077.34,536.4
3079.14,1277.62
3079.25,1224.98
3079.65,1332.54
3080.02,1086.99
3080.78,1406.48
3080.87,2843.95
3082.12,1709.25
3082.38,1705.76
3082.39,1707.43
3083.8,515.97
3083.87,1750.88
3084.27,3773.87
3084.74,1360.77
3085.03,2533.38
3085.53,1060.46
3085.72,1057.9
3085.86,3254.4
3085.91,1056.19
3086.24,1652.11
3086.42,1775.55
3086.77,1043.22
3086.95,1046.3
3087.89,2689.73
3089.94,2698.85
3089.97,2601.27
3090.6,2548.09
3091.08,3372.45
3091.24,1464.97
3091.62,1789.07
3092.43,1979.33
3092.87,2563.56
3093.07,2566.25
3094.33,2555.99
3094.5,1929.74
3096.7,457.79
3097.34,1652.44
3099.4,3105.36
3100.43,2645.0
3100.79,1704.61
3102.63,1506.27
3103.8,2656.99
3103.91,1651.78
3106.18,1518.17
3108.46,990.61
3109.47,322.98
3111.96,2974.33
3112.15,209.57
3112.69,1655.65
3112.77,1799.87
3113.77,2505.08
3114.37,2684.16
3114.89,2530.46
3115.15,2687.64
3115.16,2615.48
3115.68,3059.83
3116.66,2713.81
3117.21,326.44
3118.21,2681.61
3118.36,1514.83
3119.11,449.23
3120.1,447.88
3121.97,1822.25
3122.01,952.76
3122.3,2740.38
3122.38,3132.07
3122.43,305.14
3122.61,1530.25
3122.89,2695.62
3123.04,1739.12
3123.16,447.0
3123.3,932.47
3123.53,1780.32
3123.68,1907.51
3123.78,1641.83
3124.1,1667.21
3126.76,2696.33
3128.14,924.0
3129.12,331.66
3129.6,3133.68
3132.88,1581.72
3135.22,1607.18
3136.33,1907.67
3137.48,1787.89
3138.99,3455.4
3142.61,2832.17
3146.27,208.58
3148.23,2955.13
3157.8,3056.73
3162.07,3225.0
3165.86,867.9
3166.26,2946.78
3166.63,2922.66
3169.94,837.49
3171.25,64.77
3173.89,3889.76
3175.17,2940.12
3176.08,2942.53
3176.3,2944.21
3177.91,2949.17
3187.52,804.01
3191.29,3109.81
3192.25,3546.85
3194.28,1936.37
3196.35,3848.81
3196.98,785.74
3201.54,3039.59
3207.81,3899.4
3211.61,57.76
3213.43,680.35
3216.35,4048.96
3221.39,3889.24
3222.79,3097.93
3222.9,3635.32
3224.35,3879.37
3226.68,3883.56
3227.54,3881.82
3229.76,3354.34
3230.96,3880.08
3234.44,3878.56
3237.82,3874.79
3237.84,3881.06
3238.13,3628.08
3239.76,687.04
3240.11,3622.72
3241.11,3194.21
3241.31,3871.26
3243.15,3627.9
3246.63,3624.15
3249.24,697.99
3252.38,692.57
3258.81,3186.76
3261.72,3448.64
3267.8,3185.26
3291.31,192.72
3292.51,3241.56
3299.92,616.82
3301.36,3282.59
3308.66,600.96
3315.95,524.53
3320.04,3312.25
3320.98,3313.12
3322.69,3314.49
3324.92,3314.85
3325.09,527.29
3329.92,545.73
3330.07,3339.94
3334.38,422.37
3335.88,3524.68
3337.71,501.78
3338.11,3793.89
3340.02,476.45
3343.73,56.46
3345.56,3551.58
3345.84,317.65
3348.77,444.43
3354.05,472.9
3354.13,422.14
3355.72,416.06
3358.14,3443.12
3360.5,3376.81
3361.37,447.08
3363.42,3772.23
3376.64,3520.95
3377.92,3427.74
3378.84,385.8
3379.32,348.45
3383.23,332.53
3394.52,3540.96
3396.2,3449.41
3397.12,3452.29
3399.67,3507.18
3406.11,4005.54
3413.38,3922.99
3414.45,3478.96
3415.54,3483.11
3415.6,3482.99
3416.26,184.27
3419.39,3986.19
3422.28,3984.05
3424.93,3984.81
3425.63,3944.61
3427.13,3508.43
3433.17,3966.55
3434.32,146.14
3440.23,3988.68
3442.53,156.12
3446.14,144.84
3449.07,3541.9
3450.64,4034.41
3451.64,4047.86
3454.8,69.45
3464.52,4002.28
3469.33,4022.14
3469.41,51.62
3469.82,3991.94
3472.89,3988.64
3502.19,3660.68
3509.8,4026.67
3514.62,3649.8
3518.22,3780.43
3523.79,3643.56
3527.75,3646.69
3548.0,1939.65
3552.94,4086.85
3555.68,4069.9
3555.76,2322.94
3562.17,2414.7
3563.11,2413.89
3565.7,4086.64
3567.27,3710.23
3572.31,2077.73
3576.63,2429.33
3577.46,4083.63
3579.19,2452.2
3583.38,4087.33
3588.02,1918.0
3588.17,2517.56
3588.87,1962.13
3591.55,1869.17
3591.57,2559.06
3592.04,2561.78
3592.17,2555.82
3592.28,2549.67
3592.54,2166.37
3596.79,1940.61
3600.72,3794.73
3606.95,4082.39
3616.91,3772.35
3617.44,3808.14
3618.22,3810.84
3618.31,2317.36
3618.81,4065.01
3621.86,4078.71
3622.8,1817.0
3629.75,2835.68
3630.52,2080.88
3638.55,3798.56
3657.44,1813.39
3664.59,1805.93
3665.18,1814.44
3669.9,1664.2
3671.44,1812.96
3673.86,3825.66
3674.38,1772.42
3677.23,1524.99
3678.97,1815.81
3679.79,1950.61
3683.13,1495.07
3683.35,1907.03
3684.58,1811.49
3687.69,1447.02
3689.48,1452.25
3691.27,3978.66
3692.36,1457.79
3698.49,1962.61
3705.19,2164.24
3706.14,1970.22
3708.88,1415.48
3712.77,1979.19
3718.54,1392.73
3723.03,1999.1
3724.09,1980.67
3724.39,2048.18
3724.74,2004.71
3724.91,1462.77
3728.52,1453.98
3729.94,3911.89
3732.49,1980.3
3735.77,2086.56
3735.89,1318.97
3735.91,3906.18
3736.62,3903.2
3740.04,2310.32
3743.03,2301.44
3744.26,1663.49
3744.75,2169.95
3749.97,1756.89
3752.66,2303.66
3753.38,2310.13
3759.52,2212.27
3760.61,2155.86
3761.78,1265.44
3766.78,2268.8
3774.13,2309.16
3775.4,2309.9
3776.25,2277.99
3778.03,945.83
3778.74,2030.78
3783.76,2082.21
3784.67,1258.0
3785.95,1221.42
3792.0,1972.95
3792.21,2256.54
3792.73,2879.47
3792.87,2270.67
3793.34,2292.77
3795.72,1479.15
3795.94,1465.79
3798.43,1482.16
3798.46,1484.16
3799.35,1266.06
3801.16,1480.87
3802.82,1488.87
3804.71,2281.26
3810.78,1479.63
3812.38,2273.11
3813.58,1664.21
3815.01,3978.31
3819.26,1680.47
3821.84,1536.7
3823.28,2309.58
3825.37,2282.86
3827.59,1725.65
3828.28,1663.65
3831.08,1319.2
3836.13,3999.25
3838.55,980.76
3841.38,1368.13
3842.23,1788.94
3847.87,1298.32
3849.66,2517.98
3851.24,2172.44
3852.45,2311.9
3854.05,1575.55
3854.95,1964.84
3855.2,2407.69
3855.57,2501.36
3855.72,2486.65
3855.74,1884.75
3857.68,2529.76
3859.18,2306.53
3859.87,2522.59
3860.58,2690.13
3866.01,2311.51
3869.79,2500.58
3870.04,2297.96
3873.2,1501.13
3874.03,2487.68
3875.99,2404.81
3879.15,1422.12
3880.71,2121.18
3888.28,2865.17
3888.93,1328.14
3895.48,4068.41
3902.49,1085.53
3911.9,2066.67
3913.74,1414.74
3914.94,2863.97
3915.72,1599.7
3917.72,1660.08
3919.95,1724.12
3923.02,1788.62
3923.32,1423.53
3923.85,1834.03
3926.85,2853.82
3927.99,1536.76
3928.11,1537.78
3928.19,1028.37
3929.73,1534.06
3931.61,1962.86
3931.73,4055.98
3933.14,2524.3
3935.74,1032.58
3936.47,2874.27
3936.97,1439.94
3938.9,1255.62
3939.77,1048.6
3940.82,1036.41
3940.98,2514.37
3941.76,2524.16
3944.07,1458.93
3944.63,1037.43
3946.29,1023.38
3946.85,4057.28
3947.77,1038.44
3948.3,2514.88
3951.42,2485.02
3953.0,1038.94
3958.21,1372.87
3958.51,1043.27
3959.06,1040.45
3960.6,1143.43
3963.86,1088.16
3966.5,1428.41
3970.0,1461.92
3970.39,1020.59
3975.02,1049.91
3982.9,2509.85
3982.91,2478.14
3983.07,2195.44
3984.51,2523.49
3986.86,2127.91
3986.98,1967.66
3987.29,2283.06
3988.49,2623.17
3996.04,2627.11
3998.36,982.24
3999.45,1168.76
4000.44,2523.21
4000.65,1968.01
4001.43,1634.69
4001.47,1372.39
4003.32,2975.91
4005.35,2290.1
4010.77,1872.26
4010.88,2504.5
4011.98,2278.6
4012.16,1839.01
4013.67,2624.82
4014.19,2275.22
4015.35,2301.77
4015.83,2470.88
4016.83,2634.19
4019.19,1665.67
4020.68,1791.63
4023.37,1361.3
4028.18,1496.98
4029.24,1579.73
4030.45,1719.17
4031.0,1095.77
4032.4,2621.71
4039.08,1482.13
4042.77,1190.77
4045.68,2496.61
4046.39,2131.63
4048.65,2522.05
4051.61,1375.81
4058.76,2606.32
4059.38,855.2
4059.43,1103.51
4062.6,1555.86
4063.62,2604.56
4067.53,1014.13
4067.58,2603.46
4068.32,1547.63
4068.62,1932.86
4069.94,1209.66
4070.36,2601.72
4070.71,1551.34
4071.46,1550.9
4072.6,1878.71
4076.37,2106.84
4076.41,1547.61
4077.67,1970.79
4081.34,1544.23
4081.61,981.59
4082.83,979.19
4083.65,1541.65
4085.52,976.9
4085.99,1547.84
4089.09,972.25
4089.95,1539.37
4090.4,35.48
4092.87,1972.49
4093.63,962.64
4093.85,2289.58
4103.88,2278.06
4105.9,1141.91
4107.95,1143.72
4109.11,2174.72
4110.8,2101.06
4111.8,1622.48
4118.22,1611.91
4120.66,2221.14
4122.58,1649.15
4125.37,2275.41
4129.27,2286.68
4131.93,729.17
4132.67,1146.3
4134.46,754.06
4135.84,1294.49
4137.46,721.46
4141.25,1675.58
4142.45,1727.62
4143.13,2457.5
4144.11,1977.46
4144.13,736.98
4145.83,1675.08
4148.63,1977.7
4149.17,728.7
4153.84,1496.44
4155.23,1794.66
4158.43,2211.65
4162.72,1797.24
4164.34,1886.51
4168.91,1946.43
4170.87,1980.02
4171.29,1386.03
4172.6,846.89
4174.04,2017.86
4175.26,754.23
4175.38,1909.82
4177.54,755.25
4178.03,2092.44
4183.36,1991.92
4184.23,1975.75
4186.25,1987.78
4187.53,1995.34
4188.32,758.76
4188.77,3233.64
4189.35,2012.57
4189.83,760.97
4194.26,2104.12
4198.48,1982.01
4199.65,2199.4
4202.17,1060.71
4206.06,3250.55
4206.82,1056.29
4209.48,1054.54
4211.03,1052.39
4211.57,779.27
4212.96,2003.24
4215.74,2274.7
4216.24,1455.44
4219.31,2175.96
4221.38,775.83
4225.48,1648.07
4235.48,572.5
4243.48,1338.4
4244.27,533.77
4247.28,2260.88
4248.03,2263.7
4249.67,961.08
4250.41,969.14
4250.82,971.79
4251.25,965.47
4251.34,1432.56
4255.85,1784.93
4259.96,510.12
4260.74,2287.18
4261.24,803.6
4265.52,2249.02
4267.22,2296.32
4278.25,2489.24
4279.85,1411.5
4281.12,1263.51
4283.1,2322.49
4284.98,962.3
4285.45,439.86
4290.01,1293.43
4298.23,1988.82
4299.0,816.88
4299.5,2415.15
4300.87,1515.76
4302.85,451.51
4308.63,1719.1
4309.72,1911.17
4310.45,3673.13
4310.85,459.4
4315.26,462.6
4315.72,454.33
4316.77,470.14
4319.79,1764.09
4331.26,2403.44
4331.65,2407.16
4333.97,1215.98
4335.75,1610.28
4336.32,2413.46
4345.55,1992.02
4348.05,2475.57
4348.77,1904.7
4349.2,1369.83
4353.03,683.69
4359.94,3589.78
4363.98,3575.12
4365.26,2011.12
4368.15,1109.59
4368.88,2472.45
4370.19,3579.8
4372.06,2470.62
4375.72,1293.26
4378.28,788.32
4379.51,1222.65
4380.07,1992.93
4382.02,391.1
4383.72,1738.26
4385.9,26.65
4394.72,2012.45
4394.97,2543.18
4395.08,2543.49
4403.7,1331.38
4404.46,3380.88
4405.34,2517.13
4406.79,1329.63
4409.41,2651.16
4411.05,1328.66
4414.67,1327.4
4415.0,759.48
4417.61,1325.51
4418.79,3785.77
4419.58,1208.12
4426.36,2006.26
4427.36,2683.61
4427.92,1994.02
4428.06,2044.07
4428.09,1958.39
4429.29,2003.44
4431.04,2068.06
4431.22,2006.06
4431.29,2003.83
4431.63,2010.26
4433.04,2550.24
4434.49,3479.33
4434.69,3476.0
4435.96,3475.16
4437.45,1643.56
4437.92,1927.55
4441.47,1920.79
4442.07,1969.28
4442.36,1708.32
4442.7,2640.63
4443.7,2041.37
4446.26,1219.45
4446.6,2059.71
4448.08,2004.78
4449.82,3707.79
4451.93,3713.29
4452.49,3716.78
4453.89,3719.06
4457.42,3404.32
4460.04,3405.44
4460.24,1923.52
4462.1,98.84
4462.5,3407.61
4462.61,2002.61
4464.34,101.45
4466.04,105.24
4466.07,2176.55
4466.1,2624.09
4467.31,2186.38
4467.52,3411.61
4467.8,108.86
4470.12,111.61
4475.16,1560.27
4475.42,2014.1
4478.88,1217.66
4480.19,2648.63
4486.98,1593.19
4499.07,1630.89
4504.48,1832.13
4511.57,24.01
4513.66,2757.32
4522.26,2725.56
4523.39,641.44
4530.35,247.22
4530.82,234.04
4533.14,245.75
4537.13,2016.34
4538.22,242.06
4540.63,239.67
4543.39,2002.87
4543.55,2804.13
4543.65,235.66
4547.37,2782.51
4548.35,1516.73
4551.25,2757.81
4552.12,2800.69
4554.1,2809.16
4556.28,2820.75
4556.7,1533.21
4559.64,217.01
4560.31,1655.33
4561.18,215.06
4562.18,2812.59
4563.76,213.54
4563.79,2739.33
4565.11,2009.42
4567.21,1685.15
4568.99,208.89
4583.89,2024.23
4584.49,269.77
4584.92,2025.4
4587.22,2723.19
4591.7,1560.41
4592.33,225.99
4593.67,282.61
4594.02,2731.8
4594.97,227.11
4597.26,174.74
4597.45,229.18
4597.89,173.64
4599.88,2872.69
4600.75,172.0
4602.27,2878.4
4602.49,233.54
4604.03,169.49
4607.14,3410.81
4611.85,1564.39
4618.02,309.94
4618.17,1430.37
4619.4,454.2
4619.61,2796.32
4619.97,1213.95
4620.83,3322.5
4621.99,2860.78
4625.36,142.83
4625.72,142.21
4626.23,1976.31
4626.31,1973.69
4626.61,1205.48
4627.81,141.26
4631.02,2707.73
4631.99,2786.8
4632.47,137.03
4636.02,1386.51
4640.32,2699.62
4642.3,2786.75
4646.27,1389.29
4646.33,2791.11
4649.49,2554.34
4657.65,281.51
4663.3,498.79
4665.44,1227.42
4668.18,495.21
4670.98,493.5
4672.99,491.28
4675.93,2687.3
4684.51,2056.02
4685.06,3021.72
4686.44,3188.5
4688.2,2674.43
4688.64,1264.5
4688.96,1263.55
4689.04,1859.64
4690.43,2680.25
4690.88,1811.91
4693.68,2666.63
4694.0,2785.66
4694.03,226.54
4698.61,325.13
4698.92,2786.54
4701.14,3049.59
4701.49,2667.48
4704.42,1925.42
4704.45,2678.06
4706.2,2831.09
4706.93,3152.31
4708.94,233.31
4712.88,3069.92
4715.03,162.93
4715.62,1231.83
4724.0,1227.31
4727.5,3138.22
4732.82,1174.03
4735.2,15.82
4736.91,25.76
4737.38,3102.46
4738.63,2798.8
4738.97,2667.21
4739.58,2880.72
4740.54,1110.14
4741.84,270.51
4742.04,22.02
4744.79,20.53
4745.34,273.33
4746.52,1541.29
4746.71,18.46
4747.6,256.69
4748.62,3152.61
4748.81,15.21
4749.66,256.47
4751.69,2909.53
4753.59,3136.39
4754.46,3939.43
4755.17,1572.45
4756.28,2818.52
4757.88,242.52
4761.33,245.41
4761.51,1604.87
4761.75,395.5
4764.45,3156.78
4764.73,3020.39
4765.84,2954.88
4766.56,391.82
4769.27,389.88
4771.23,387.56
4775.22,1828.07
4775.38,1823.68
4777.35,1893.66
4778.42,1819.37
4779.17,3067.61
4779.57,1815.56
4779.9,254.14
4782.43,255.39
4782.59,1893.3
4783.57,1877.9
4783.78,1887.27
4784.81,257.86
4785.95,1894.46
4787.5,259.9
4788.64,1894.32
4791.85,260.91
4793.17,171.81
4801.76,3220.94
4804.45,3227.32
4805.01,3230.18
4806.41,3232.34
4818.42,2856.5
4819.85,2826.97
4820.42,2898.09
4820.46,2880.68
4825.58,173.06
4826.69,174.7
4827.56,36.01
4833.8,2905.14
4834.94,26.02
4839.14,2825.22
4847.46,1899.11
4849.67,2873.11
4864.66,2923.69
4866.81,2989.01
4869.89,1318.27
4873.91,2932.92
4893.7,2712.86
4898.54,1038.34
4900.66,3069.09
4911.15,26.01
4912.0,49.38
4917.45,986.92
4920.61,2935.55
4926.0,3191.79
4926.2,1355.02
4927.37,2919.29
4930.67,2945.36
4934.97,3105.1
4937.44,1380.95
4937.95,1433.28
4938.07,1366.93
4940.95,1422.64
4941.2,1418.78
4943.39,3464.59
4943.91,1413.45
4945.65,3470.1
4946.44,3473.42
4947.02,1414.24
4947.17,193.78
4947.99,3475.78
4949.05,181.45
4949.18,208.31
4952.4,1912.53
4953.68,2982.64
4954.2,1392.7
4955.08,1393.39
4956.99,2922.63
4957.22,1914.22
4957.74,1395.5
4958.09,3036.11
4958.55,1791.49
4958.72,1395.2
4959.83,2939.71
4962.04,1398.89
4964.32,1901.17
4964.33,1894.82
4964.66,123.89
4967.63,2969.92
4969.41,1417.21
4969.61,1914.96
4970.45,1733.02
4970.62,44.81
4971.53,1851.8
4973.68,1848.37
4974.69,1917.22
4976.8,1916.69
4977.93,1847.33
4980.92,1845.75
4982.35,1375.81
4985.22,1373.49
4985.33,1419.32
4986.56,2131.33
4988.87,1373.08
4988.9,1441.84
4989.8,1371.49
4991.25,8.97
4991.67,2927.42
4998.55,20.85
5003.47,1175.96
5018.64,3595.53
5020.39,1481.52
5020.86,3601.14
5021.66,3604.38
5022.56,1351.52
5023.21,3606.79
5027.65,1350.86
5027.95,3425.41
5030.33,1351.9
5032.69,1351.65
5034.14,3423.67
5037.44,3423.49
5039.09,3021.27
5039.4,3000.25
5039.64,3422.36
5043.46,1258.55
5047.6,1497.56
5049.41,3544.68
5060.7,1298.33
5064.14,3576.25
5065.4,865.21
5066.43,3574.91
5068.81,2895.57
5069.39,3574.25
5071.05,1839.24
5076.46,3572.62
5081.04,904.4
5081.29,495.45
5082.32,504.94
5082.48,501.59
5083.24,507.27
5085.86,2157.9
5086.6,1139.68
5086.86,1391.86
5088.75,1391.98
5090.56,1393.7
5095.71,1391.99
5097.34,1584.63
5097.8,913.03
5099.09,3402.3
5101.48,3401.63
5104.22,2907.77
5104.32,3401.88
5104.91,867.67
5109.22,3402.16
5111.64,3984.3
5111.9,3401.6
5112.95,987.83
5115.38,1334.79
5117.96,623.93
5118.03,3082.6
5118.7,1209.68
5119.07,630.0
5119.22,633.25
5120.26,635.89
5125.49,1221.22
5129.99,3990.8
5130.09,1202.28
5132.21,3991.33
5133.03,2168.94
5134.21,1370.75
5134.42,3993.13
5140.47,1368.49
5141.1,3995.23
5143.04,2892.64
5143.4,1367.83
5143.61,1443.12
5145.65,805.55
5145.76,1366.43
5155.08,4039.63
5155.13,2388.87
5158.52,1046.0
5161.41,1051.03
5161.84,3996.91
5162.6,1054.42
5163.01,1292.36
5164.4,1056.49
5165.21,2175.46
5167.93,747.46
5169.14,1228.68
5169.25,748.42
5174.04,761.74
5176.73,2910.53
5177.21,3304.37
5177.65,2926.08
5178.67,2231.59
5180.89,857.39
5181.35,3597.87
5183.68,3596.82
5187.08,3596.78
5188.48,1340.46
5188.92,788.48
5190.35,1609.43
5190.83,2394.61
5191.03,1809.38
5191.25,2393.86
5191.98,796.55
5192.0,798.27
5193.12,3595.41
5194.04,1751.23
5194.14,1337.93
5197.35,1337.18
5199.43,1808.44
5199.54,1335.67
5200.78,1937.81
5200.88,1938.61
5201.98,1807.27
5202.63,1808.58
5202.92,1602.64
5203.12,926.16
5204.46,1814.2
5204.77,1806.18
5206.0,822.43
5207.61,1110.66
5207.73,3387.56
5210.4,1115.85
5211.55,1119.12
5212.35,3387.33
5212.64,1805.32
5213.34,1121.31
5216.31,1595.41
5217.04,3386.89
5218.27,1492.48
5221.28,3386.98
5221.29,2399.59
5221.76,1878.61
5222.27,1532.43
5222.98,1241.31
5225.17,2437.26
5225.29,1920.02
5226.32,3386.92
5227.19,1926.95
5227.42,2467.76
5227.45,2401.9
5228.4,1007.08
5231.33,1799.9
5231.73,1800.62
5231.81,2409.09
5232.33,2403.4
5233.0,3966.63
5233.03,1671.71
5233.8,2398.13
5234.7,2393.76
5235.29,3970.24
5235.3,1501.24
5236.76,2403.66
5237.12,3975.42
5237.94,3978.58
5238.31,2379.22
5239.5,3980.97
5239.55,2188.26
5240.65,2363.65
5242.59,1947.31
5244.43,2406.19
5245.87,2188.44
5246.21,2190.12
5246.3,1739.08
5247.1,2331.82
5249.83,891.81
5250.06,2526.72
5250.58,1934.69
5252.34,1302.56
5252.56,894.7
5253.13,1174.33
5255.57,1293.89
5255.8,1293.63
5256.25,779.57
5261.76,1298.12
5262.3,1957.98
5263.45,2546.45
5264.47,1296.51
5267.28,2232.71
5269.24,1293.84
5270.93,2409.71
5270.95,2410.52
5271.51,2192.48
5271.51,2192.64
5271.95,2215.72
5273.58,2210.43
5274.06,4039.22
5274.35,1298.66
5274.57,1298.37
5276.88,1071.65
5278.04,2189.81
5278.48,1289.49
5280.13,2182.3
5281.81,2193.93
5282.32,743.44
5284.63,946.77
5287.09,3368.96
5287.74,1338.58
5289.44,2196.26
5289.77,3366.66
5291.43,3491.16
5291.8,3497.93
5291.98,3371.87
5292.01,3493.21
5292.45,1396.81
5294.01,3501.54
5297.92,1467.38
5299.6,2082.61
5302.8,1529.42
5303.27,2198.06
5305.14,2198.65
5309.6,3931.8
5312.33,1781.96
5314.06,2200.22
5315.42,3242.64
5315.45,3549.54
5319.39,718.02
5320.4,2418.79
5321.0,1972.99
5322.15,1962.87
5322.4,1262.15
5324.25,2930.73
5324.4,1261.92
5324.48,1660.81
5328.72,1260.33
5330.32,1961.02
5331.83,1777.34
5336.13,1777.47
5336.6,2421.76
5338.63,2537.27
5339.51,1777.68
5340.57,2518.98
5342.4,1777.24
5342.87,2205.99
5347.82,2527.64
5349.54,540.4
5351.21,2436.59
5353.09,532.04
5353.24,2415.0
5353.59,3642.88
5355.18,539.06
5356.03,3641.78
5358.47,538.33
5359.12,2428.42
5359.56,3641.66
5361.45,536.87
5365.0,193.15
5365.31,3640.3
5365.9,705.73
5373.61,3347.17
5373.8,1096.47
5374.87,1099.49
5374.92,1103.49
5375.51,1107.07
5376.82,1110.04
5377.33,3714.45
5380.68,1444.36
5380.98,2212.44
5381.52,1469.15
5385.48,2432.81
5391.28,2434.73
5394.22,2436.3
5394.46,2226.5
5396.94,2436.67
5398.97,2207.69
5399.18,2389.34
5402.25,662.04
5402.27,2907.98
5406.26,2179.71
5409.47,2152.59
5412.65,2126.84
5413.37,362.84
5417.69,3637.79
5420.23,2065.79
5420.61,3640.82
5424.14,2036.07
5424.3,1203.01
5425.21,1072.34
5428.99,1194.1
5429.4,1201.36
5430.5,1196.86
5430.73,1204.95
5430.73,1977.36
5431.0,3638.26
5431.32,1208.09
5431.38,1969.61
5431.6,1199.7
5434.83,1199.01
5435.09,3318.86
5435.32,1259.56
5436.45,3627.27
5437.07,1197.53
5439.04,3316.57
5440.75,3315.8
5441.6,3651.48
5443.09,2903.54
5446.8,3654.04
5447.33,3314.97
5450.94,1325.54
5453.03,3658.69
5455.55,1185.28
5457.16,3661.43
5457.17,2446.97
5457.33,1184.14
5459.84,350.69
5459.96,3662.84
5460.71,1183.29
5462.94,2448.93
5465.87,2450.51
5466.66,1180.72
5467.83,1390.75
5468.6,2450.89
5471.06,2404.49
5475.4,1040.4
5478.04,1430.19
5478.84,3761.24
5479.39,1171.37
5481.11,1045.89
5485.03,1168.98
5485.61,1462.34
5487.74,1042.16
5488.4,1168.31
5490.53,1166.84
5491.37,1040.3
5492.64,340.3
5503.9,1535.59
5505.84,1978.88
5507.47,1917.74
5509.76,736.59
5511.51,1257.93
5512.12,1563.83
5517.6,1919.01
5517.7,1980.62
5520.87,1919.49
5522.18,1604.86
5522.34,1613.9
5522.54,2524.8
5522.84,1610.71
5522.95,1616.47
5524.61,1921.19
5527.47,2461.81
5529.12,1659.96
5529.44,1656.64
5529.57,1649.57
5529.62,1663.1
5529.93,836.41
5530.11,1652.62
5530.83,1923.95
5533.2,2470.64
5535.91,2456.4
5537.03,1139.12
5538.66,1137.94
5542.72,1136.87
5542.88,1730.79
5543.83,2419.97
5545.95,1136.17
5547.7,1729.71
5548.3,1134.68
5551.86,1412.48
5551.86,2464.96
5554.84,323.88
5557.2,1730.85
5558.5,556.6
5567.66,1731.75
5568.18,474.8
5572.41,1729.74
5573.56,0.0
5577.16,1929.32
5585.74,1552.84
5588.15,1244.81
5588.17,56.25
5588.58,983.89
5589.33,50.0
5589.33,55.54
5589.44,62.18
5590.49,1774.63
5593.24,2548.06
5595.27,622.74
5595.27,979.88
5600.57,977.09
5600.71,341.61
5600.88,330.92
5601.83,331.03
5601.84,2224.24
5602.92,136.14
5603.08,337.59
5608.38,173.92
5609.95,2557.93
5612.62,315.28
5614.23,316.42
5615.68,2480.2
5616.98,2474.32
5617.97,332.95
5618.18,2471.19
5618.26,2468.36
5618.42,240.06
5618.8,1093.61
5619.23,298.06
5619.83,278.16
5622.13,2005.57
5622.34,2007.34
5622.52,336.07
5623.36,648.26
5625.89,1998.68
5626.08,1395.43
5628.64,712.68
5628.95,1998.86
5629.14,1962.59
5629.47,1915.13
5630.47,2308.66
5631.35,1087.47
5637.68,3804.31
5640.51,61.41
5641.02,370.95
5641.37,2082.0
5643.02,792.25
5643.89,1081.67
5645.73,1080.52
5647.37,410.35
5654.93,460.73
5657.58,473.01
5658.49,1999.63
5660.95,1224.4
5661.91,1540.68
5662.22,859.24
5662.25,570.11
5662.42,564.5
5662.91,574.56
5666.95,1957.5
5668.56,662.55
5669.45,1918.0
5670.37,677.04
5673.75,725.31
5674.75,424.66
5677.02,783.82
5677.38,777.44
5677.79,771.72
5678.03,774.02
5681.04,830.25
5681.19,1762.56
5684.27,936.56
5684.39,2207.93
5685.18,912.33
5685.52,2213.48
5685.93,1654.67
5688.63,2214.3
5689.43,1653.3
5690.39,1055.48
5690.69,1000.61
5692.05,1005.81
5694.27,1652.15
5694.31,1054.01
5697.11,1043.87
5697.45,1052.71
5697.47,1061.13
5697.71,1048.12
5699.93,1376.58
5700.3,1050.44
5701.04,3018.88
5707.42,1048.05
5720.87,4002.9
5722.98,1037.52
5723.12,2598.92
5724.36,1200.87
5724.53,1210.45
5724.74,1207.2
5725.19,1213.06
5726.07,421.66
5729.39,2532.07
5729.6,2348.28
5731.01,1206.27
5732.33,3265.59
5734.67,2018.24
5735.17,1031.61
5735.54,1032.32
5735.6,1204.16
5736.88,1519.26
5737.17,3956.17
5753.45,2015.41
5753.93,562.67
5754.98,548.41
5755.05,2014.74
5756.2,517.05
5757.11,2012.78
5758.09,599.62
5758.18,3927.58
5758.67,1017.61
5759.07,2002.07
5761.02,2010.99
5763.49,1966.45
5765.31,1510.65
5765.9,3919.74
5766.25,1013.1
5768.93,2010.94
5769.99,924.04
5770.27,3935.79
5770.39,885.87
5772.06,1354.95
5772.4,1908.64
5772.4,2626.75
5772.6,1359.23
5772.68,1356.0
5773.07,1362.95
5773.98,1903.28
5775.84,1896.93
5776.84,1893.05
5778.24,1888.63
5780.38,3050.94
5781.84,2533.45
5782.96,1747.3
5786.71,2356.5
5788.11,1402.85
5788.19,1804.54
5788.99,2632.75
5791.27,1584.61
5791.56,1754.13
5792.71,1746.64
5792.73,2016.71
5793.0,1746.79
5793.08,3271.79
5793.85,3042.97
5794.13,1741.39
5795.9,4014.76
5796.65,1699.79
5801.73,1900.28
5804.83,2015.21
5805.76,3028.35
5807.72,2198.76
5817.38,3012.7
5819.12,3829.04
5821.67,4025.5
5827.84,3765.01
5843.31,3397.1
